﻿<?xml version="1.0" encoding="utf-8"?>
<usuarios.System>
  <usuario>
    <nome>Leonardo</nome>
    <senha>3333</senha>
    <email>Leogomes@gmail.com</email>
    <cpf>4774</cpf>
  </usuario>
  <usuario>
    <nome>Jumanji</nome>
    <email>zecapagodinho</email>
    <senha>lew</senha>
    <cpf>90</cpf>
  </usuario>
  <usuario>
    <nome>Zequinha</nome>
    <email>Paçoca</email>
    <senha>meh</senha>
    <cpf>12345</cpf>
  </usuario>
  <usuario>
    <nome>Ambar</nome>
    <email>Rez</email>
    <senha>genshin</senha>
    <cpf>6776</cpf>
  </usuario>
  <usuario>
    <nome>Leo</nome>
    <email>123</email>
    <senha>123</senha>
    <cpf>9999</cpf>
  </usuario>
  <usuario>
    <nome>Leo</nome>
    <email>Gomes</email>
    <senha>123</senha>
    <cpf>4774</cpf>
  </usuario>
</usuarios.System>